source,target
William James,1970s energy crisis
William James,19th-century philosophy
William James,20th-century philosophy
William James,A Tale of Two Cities
William James,Abandonment (existentialism)
William James,Abnormal psychology
William James,Abraham Maslow
William James,Absurdism
William James,Acosmism
William James,Adams Media
William James,Adi Shankara
William James,Aesthetics
William James,Affective neuroscience
William James,Affective science
William James,Afrikan Spir
William James,Agnosticism
William James,Alain Locke
William James,Alan E. Kazdin
William James,Alan Watts
William James,Albert Bandura
William James,Albert Camus
William James,Albert Poffenberger
William James,Alberto Giacometti
William James,Albrecht Ritschl
William James,Aldous Huxley
William James,Alexander Pruss
William James,Alfred Henry Lloyd
William James,Ali Akbar Rashad
William James,Alice James
William James,Alkyl nitrites
William James,Alma mater
William James,Alvin Plantinga
William James,Amazon River
William James,American Anti-Imperialist League
William James,American Civil War
William James,American Psychological Association
William James,American Psychologist
William James,American Society for Psychical Research
William James,American philosophy
William James,Amos Tversky
William James,Anatomy
William James,Ancient Greek philosophy
William James,Angst
William James,Animal testing
William James,Animism
William James,Anne Anastasi
William James,Anomalistic psychology
William James,Anselm of Canterbury
William James,Anthony Kenny
William James,Antireligion
William James,Antoine Augustin Calmet
William James,Antonio Puente
William James,Antony Flew
William James,Applied behavior analysis
William James,Applied psychology
William James,Archival research
William James,Argument from beauty
William James,Argument from consciousness
William James,Argument from degree
William James,Argument from desire
William James,Argument from free will
William James,Argument from inconsistent revelations
William James,Argument from love
William James,Argument from miracles
William James,Argument from morality
William James,Argument from nonbelief
William James,Argument from poor design
William James,Argument from reason
William James,Argument from religious experience
William James,Arthur Holly Compton
William James,Associationism
William James,Associationist
William James,Astor House
William James,Atheism
William James,Atheist's Wager
William James,Atheistic existentialism
William James,Atlantic Monthly
William James,Augustine of Hippo
William James,Authenticity (philosophy)
William James,Avant-garde
William James,Averroes
William James,Aviation psychology
William James,Avicenna
William James,B. F. Skinner
William James,Bad faith (existentialism)
William James,Ballyjamesduff
William James,Baron d'Holbach
William James,Barry S. Anton
William James,Baruch Spinoza
William James,Basic science (psychology)
William James,Behavior
William James,Behavioral epigenetics
William James,Behavioral neuroscience
William James,Behaviorism
William James,Behavioural genetics
William James,Being in itself
William James,Benjamin Fondane
William James,Bertrand Russell
William James,Biologist
William James,Blaise Pascal
William James,Boethius
William James,Bonnie Strickland
William James,Boris Sidis
William James,Brahman
William James,Brock University
William James,Bruce Kuklick
William James,Bruce McEwen
William James,C. I. Lewis
William James,Calvin Perry Stone
William James,"Cambridge, Massachusetts"
William James,Carl Jung
William James,Carl Lange (physician)
William James,Carl Rogers
William James,Carl Seashore
William James,Carol D. Goodheart
William James,Case study
William James,Cash value
William James,Catholic Church
William James,Center for the Study of Language and Information
William James,Chance (philosophy)
William James,Charles Dickens
William James,Charles E. Osgood
William James,Charles Hartshorne
William James,Charles Hubbard Judd
William James,Charles Renouvier
William James,Charles Sanders Peirce
William James,Charles Spielberger
William James,Chauncey Wright
William James,Chloral hydrate
William James,"Chocorua, New Hampshire"
William James,Choice
William James,Christian existentialism
William James,Christian humanism
William James,Christological argument
William James,Clark L. Hull
William James,Classicism
William James,Clinical psychology
William James,Coaching psychology
William James,Cognition
William James,Cognitive neuroscience
William James,Cognitive psychology
William James,Cognitivism (psychology)
William James,Coherence theory of truth
William James,Colin Wilson
William James,Community psychology
William James,Comparative psychology
William James,Compatibilism
William James,Competence (polyseme)
William James,Conceptions of God
William James,Conformity
William James,Consciousness
William James,Consumer behaviour
William James,Content analysis
William James,Continental philosophy
William James,Correspondence theory of truth
William James,Cosmological argument
William James,Cosmopolitanism
William James,Counseling psychology
William James,Creationism
William James,Creator in Buddhism
William James,Crisis of self-surrender
William James,Critical psychology
William James,Criticism of religion
William James,Cross-cultural psychology
William James,Crowd psychology
William James,Cultural psychology
William James,Cynthia de las Fuentes
William James,Damasio
William James,Daniel Dennett
William James,Daniel Kahneman
William James,Dasein
William James,David Hartley (philosopher)
William James,David Hume
William James,David McClelland
William James,Deborah Blum
William James,Debra Kawahara
William James,Deism
William James,Demiurge
William James,Demonology
William James,Desacralization of knowledge
William James,Determinism
William James,Developmental psychology
William James,Dewi Zephaniah Phillips
William James,Dharma
William James,Diane F. Halpern
William James,Differential psychology
William James,Dino Buzzati
William James,Divine command theory
William James,Divine simplicity
William James,Doi (identifier)
William James,Donald Marquis (psychologist)
William James,Donald N. Bersoff
William James,Donald O. Hebb
William James,Donald T. Campbell
William James,Dorothy Cantor
William James,Dover Publications
William James,Dualism in cosmology
William James,E. Lowell Kelly
William James,Early modern philosophy
William James,East Asian religions
William James,Ecological psychology
William James,Ed Diener
William James,Edmund Husserl
William James,Edmund Sanford
William James,Educational psychology
William James,Edward B. Titchener
William James,Edward C. Tolman
William James,Edward Thorndike
William James,Edwin Boring
William James,Edwin Diller Starbuck
William James,Edwin Holt
William James,Edwin Ray Guthrie
William James,Elliot Aronson
William James,Emanuel Swedenborg
William James,Emil Brunner
William James,Emil Cioran
William James,Emmanuel Levinas
William James,Emotion
William James,Empiricism
William James,Encyclopedia of Philosophy
William James,Endel Tulving
William James,Epistemological realism
William James,Epistemology
William James,Erasmus
William James,Ergonomics
William James,Erie Canal
William James,Erik Erikson
William James,Ernest Hilgard
William James,Ernst Cassirer
William James,Ernst Haeckel
William James,Ernst Mach
William James,Ernst Troeltsch
William James,Essays in Radical Empiricism
William James,Ethical egoism
William James,Ethics in religion
William James,Eucharist
William James,Eugène Ionesco
William James,Evidentialism
William James,Evolutionary psychology
William James,Exclusivism
William James,Exegesis
William James,Existence of God
William James,Existence precedes essence
William James,Existential crisis
William James,Existential nihilism
William James,Existential phenomenology
William James,Existentialism
William James,Experimental psychology
William James,Facticity
William James,Faith and rationality
William James,Fallibilism
William James,Fashion psychology
William James,Feeling
William James,Feminist psychology
William James,Feminist theology
William James,Fideism
William James,Find a Grave
William James,Fine-tuned universe
William James,Florence Denmark
William James,Food psychology
William James,Forensic psychology
William James,Frank C. Worrell
William James,Frank H. Farley
William James,Frantz Fanon
William James,Franz Kafka
William James,Franz Rosenzweig
William James,Frederick Burkhardt
William James,Fredson Bowers
William James,Free Thought and Official Propaganda
William James,Free will
William James,Friedrich Nietzsche
William James,Friedrich Schleiermacher
William James,Frithjof Schuon
William James,Functional psychology
William James,Fundamentalism
William James,Fyodor Dostoevsky
William James,G. Stanley Hall
William James,Gabriel Marcel
William James,Gabriel Wells
William James,Gardner Lindzey
William James,Gardner Murphy
William James,Gaudapada
William James,Gaunilo of Marmoutiers
William James,Generation
William James,Genius
William James,Georg Wilhelm Friedrich Hegel
William James,George Albee
William James,George Armitage Miller
William James,George Berkeley
William James,George I. Mavrodes
William James,George M. Stratton
William James,George Santayana
William James,George Stuart Fullerton
William James,George Trumbull Ladd
William James,Gerald Koocher
William James,German idealism
William James,Germany
William James,Gertrude Stein
William James,Gestalt psychology
William James,Gifford Lectures
William James,Giovanni Pico della Mirandola
William James,Giuseppe Sergi
William James,Gnosticism
William James,God
William James,God Speaks
William James,God in Abrahamic religions
William James,God in Christianity
William James,God in Hinduism
William James,God in Islam
William James,God in Jainism
William James,God in Judaism
William James,God in Mormonism
William James,God in Sikhism
William James,God in the Baháʼí Faith
William James,Gordon Allport
William James,Gottfried Wilhelm Leibniz
William James,Gödel's ontological proof
William James,Hannah Arendt
William James,Hans Eysenck
William James,Harald Høffding
William James,Harry Harlow
William James,Harry Levi Hollingworth
William James,Harvard College
William James,Harvard Divinity School
William James,Harvard Medical School
William James,Harvard University
William James,Harvard University Department of Philosophy
William James,Harvey A. Carr
William James,Health psychology
William James,Hegel
William James,Hegelianism
William James,Henotheism
William James,Henri Bergson
William James,Henri Poincaré
William James,Henry Garrett (psychologist)
William James,Henry James
William James,Henry James (biographer)
William James,Henry James Sr.
William James,Henry Rutgers Marshall
William James,Heraclitus
William James,Herbert A. Simon
William James,Herbert Langfeld
William James,Herbert Spencer
William James,Herbert Woodrow
William James,Hermann Helmholtz
William James,Hibbert Lectures
William James,Hilary Putnam
William James,History of psychology
William James,History of religion
William James,Holistic
William James,Holy Spirit
William James,Horace Kallen
William James,Horatio Alger
William James,Houghton Mifflin Harcourt
William James,Howard C. Warren
William James,Hugo Münsterberg
William James,Human intelligence
William James,Human subject research
William James,Humanism
William James,Humanistic naturalism
William James,Humanistic psychology
William James,I. Madison Bentley
William James,ISBN (identifier)
William James,Immanuel Kant
William James,Inclusivism
William James,Indeterminism
William James,Index of psychology articles
William James,Industrial and organizational psychology
William James,Ingersoll Lecture
William James,Innatism
William James,Instinct
William James,Instrumentalism
William James,Intelligence
William James,Internet Archive
William James,Interview (research)
William James,Isaac Newton
William James,Ivan Pavlov
William James,J. L. Mackie
William James,J. McVicker Hunt
William James,J. P. Guilford
William James,JSTOR (identifier)
William James,Jack Wiggins Jr.
William James,Jacques Barzun
William James,James H. Bray
William James,James Huneker
William James,James Joyce
William James,James Mark Baldwin
William James,James McKeen Cattell
William James,James Rowland Angell
William James,James VI and I
William James,James–Lange theory
William James,Jane Addams
William James,Jane Roberts
William James,Janet Taylor Spence
William James,Jean-Luc Marion
William James,Jean-Paul Sartre
William James,Jean Piaget
William James,Jennifer F. Kelly
William James,Jerome Bruner
William James,Jerome Kagan
William James,Jessica Henderson Daniel
William James,Jewish existentialism
William James,Johann Gottfried Herder
William James,John B. Watson
William James,John Dashiell
William James,John Dewey
William James,John Edward Anderson (psychologist)
William James,John J. Conger
William James,John J. McDermott (philosopher)
William James,John La Farge
William James,John Lachs
William James,John Robert Anderson (psychologist)
William James,John Wallace Baird
William James,Joseph B. Soloveitchik
William James,Joseph E. LeDoux
William James,Joseph Jastrow
William James,Joseph Maréchal
William James,Joseph Matarazzo
William James,Joseph Peterson (psychologist)
William James,Josiah Royce
William James,José Ortega y Gasset
William James,Kalam cosmological argument
William James,Karl Barth
William James,Karl Christian Friedrich Krause
William James,Karl Jaspers
William James,Karl Lashley
William James,Karl Marx
William James,Karl Popper
William James,Kenneth B. Clark
William James,Knight Dunlap
William James,Kurt Lewin
William James,Larry Squire
William James,Laurance F. Shaffer
William James,Lawrence Kohlberg
William James,Lawrence Scientific School
William James,Leap of faith
William James,Learned Hand
William James,Lee Cronbach
William James,Legal psychology
William James,Leon Festinger
William James,Leona E. Tyler
William James,Leonard Carmichael
William James,Leonora Piper
William James,Lev Shestov
William James,Lewis' trilemma
William James,Lewis Terman
William James,Library of America
William James,LibriVox
William James,Linda Simon
William James,List of American philosophers
William James,List of branches of psychology
William James,List of psychological research methods
William James,List of psychological schools
William James,List of psychologists
William James,List of psychology organizations
William James,List of psychotherapies
William James,List of schools of philosophy
William James,Logan Wright
William James,Longman
William James,"Longmans, Green & Co."
William James,Louis Agassiz
William James,Louis Leon Thurstone
William James,Louis Menand
William James,Loyal Rue
William James,Ludwig Feuerbach
William James,Ludwig Wittgenstein
William James,M. Brewster Smith
William James,Macedonio Fernández
William James,Macmillan Publishers
William James,Maimonides
William James,Marcion of Sinope
William James,Margaret Floy Washburn
William James,Mark Twain
William James,Martin Buber
William James,Martin Heidegger
William James,Martin Lings
William James,Martin Seligman
William James,Marxist humanism
William James,Marxists Internet Archive
William James,Mary Whiton Calkins
William James,Maslow's hierarchy of needs
William James,Massimo Polidoro
William James,Mathematical psychology
William James,Mathematics and God
William James,Maurice Merleau-Ponty
William James,Max Siegel (psychologist)
William James,Meaning (existential)
William James,Meaning (linguistics)
William James,Media psychology
William James,Medical Doctor
William James,Medical psychology
William James,Medieval philosophy
William James,Meinongian argument
William James,Melba J. T. Vasquez
William James,Mental state
William James,Metaphysical naturalism
William James,Metaphysics
William James,Michael Posner (psychologist)
William James,Michel Weber
William James,Miguel de Unamuno
William James,Military
William James,Military psychology
William James,Mind
William James,Mind-cure
William James,Mind-world relation
William James,Mind (journal)
William James,Mircea Eliade
William James,Misotheism
William James,Modernist
William James,Monism
William James,Monotheism
William James,Moral psychology
William James,Morris Raphael Cohen
William James,Multiverse
William James,Music psychology
William James,Mysticism
William James,Nadine Kaslow
William James,Naguib Mahfouz
William James,Natural-law argument
William James,Naturalism (philosophy)
William James,Naturalist
William James,Neal E. Miller
William James,Neurasthenia
William James,Neuroimaging
William James,Neuropsychology
William James,New Age
William James,New Jersey
William James,New York City
William James,"Newport, Rhode Island"
William James,Nicholas Cummings
William James,Nicholas Hobbs
William James,Nicholas Wolterstorff
William James,Nicola Abbagnano
William James,Nicolas Malebranche
William James,Nihilism
William James,Nikolai Berdyaev
William James,Nitrous oxide
William James,Noam Chomsky
William James,Nondualism
William James,Nontheism
William James,Norine G. Johnson
William James,Norman Abeles
William James,North American Review
William James,Nyayakusumanjali
William James,OCLC (identifier)
William James,Observation
William James,Occam's razor
William James,Occupational health psychology
William James,Oliver Wendell Holmes Jr.
William James,Omnipotence paradox
William James,Ontological argument
William James,Orval Hobart Mowrer
William James,Other (philosophy)
William James,Outline of counseling
William James,Outline of psychology
William James,Overbelief
William James,PMC (identifier)
William James,PMID (identifier)
William James,Pandeism
William James,Panentheism
William James,Pantheism
William James,Parapsychology
William James,Parasympathetic nervous system
William James,Pascal's wager
William James,Pastoral psychology
William James,Patrick H. DeLeon
William James,Paul E. Meehl
William James,Paul Ekman
William James,Paul Tillich
William James,Pavel Florensky
William James,Peace psychology
William James,Pearson Education
William James,Penguin Press
William James,Perception
William James,Perennial philosophy
William James,Personal god
William James,Personality psychology
William James,Peter Geach
William James,Peter Wessel Zapffe
William James,Peter van Inwagen
William James,Peyote
William James,Phenomenology (philosophy)
William James,Philip Zimbardo
William James,Philosophy
William James,Philosophy of history
William James,Philosophy of psychology
William James,Philosophy of religion
William James,Photo psychology
William James,Physiology
William James,Pierre Janet
William James,Pleasure
William James,Pluralism (philosophy)
William James,Political psychology
William James,Polytheism
William James,Popular Science
William James,Positive psychology
William James,Possibilianism
William James,Pragmatic theory of truth
William James,Pragmatism
William James,President Jimmy Carter's Moral Equivalent of War Speech
William James,Problem of Hell
William James,Problem of evil
William James,Problem of religious language
William James,Process theology
William James,Project Gutenberg
William James,Proof of the Truthful
William James,Proslogion
William James,Protestantism
William James,Protestants
William James,Psychobiography
William James,Psychohistory
William James,Psycholinguistics
William James,Psychological Review
William James,Psychological testing
William James,Psychologist
William James,Psychologist's fallacy
William James,Psychology
William James,Psychology of art
William James,Psychology of color
William James,Psychology of religion
William James,Psychometrics
William James,Psychophysics
William James,Psychophysiology
William James,Psychotherapy
William James,Qualitative psychological research
William James,Quantitative psychological research
William James,Quantitative psychology
William James,Quinn McNemar
William James,R. W. B. Lewis
William James,Radical empiricism
William James,Ralph Barton Perry
William James,Ralph Ellison
William James,Ralph Waldo Emerson
William James,Ravi Zacharias
William James,Raymond Cattell
William James,Raymond D. Fowler
William James,Raymond Dodge
William James,Reformed epistemology
William James,Reinhold Niebuhr
William James,Relationship between religion and science
William James,Relativism
William James,Religion
William James,Religious experience
William James,Religious humanism
William James,Religious naturalism
William James,Religious philosophy
William James,Religious responses to the problem of evil
William James,Religious skepticism
William James,René Descartes
William James,René Guénon
William James,Ressentiment
William James,Resurrection of Jesus
William James,Review of General Psychology
William James,Richard Davidson
William James,Richard E. Nisbett
William James,Richard Lazarus
William James,Richard Rorty
William James,Richard Suinn
William James,Richard Swinburne
William James,Richard Wiseman
William James,Richard Wright (author)
William James,Robert D. Richardson
William James,Robert J. Resnick
William James,Robert Merrihew Adams
William James,Robert O. Ballou
William James,Robert Perloff
William James,Robert Richardson Sears
William James,Robert S. Woodworth
William James,Robert Sternberg
William James,Robert Talisse
William James,Robert Yerkes
William James,Robert Zajonc
William James,Roger Brown (psychologist)
William James,Rollo May
William James,Romanticism
William James,Ronald C. Kessler
William James,Ronald E. Fox
William James,Ronald F. Levant
William James,Rosie Phillips Davis
William James,Roy Baumeister
William James,Rudolf Bultmann
William James,Rudolf Otto
William James,Russell's teapot
William James,S2CID (identifier)
William James,Samuel Beckett
William James,Sandra Shullman
William James,Sceptic
William James,Scepticism
William James,School psychology
William James,Seasickness
William James,Secular humanism
William James,Seddiqin argument
William James,Self-report inventory
William James,Sergei Bulgakov
William James,Sex differences in psychology
William James,Shamanism
William James,Sharon Brehm
William James,Shelley E. Taylor
William James,Shepherd Ivory Franz
William James,Sigmund Freud
William James,Simone de Beauvoir
William James,Smallpox
William James,Social Darwinism
William James,Social Evolution & History
William James,Social cognitive neuroscience
William James,Social psychology
William James,Soft determinism
William James,Space psychology
William James,Spiritualism (beliefs)
William James,Spiritualism (philosophy)
William James,Sport psychology
William James,Standard Ebooks
William James,Stanford Encyclopedia of Philosophy
William James,Stanford University
William James,Stanley Graham (psychologist)
William James,Stanley Schachter
William James,Stock trader
William James,Stream of consciousness
William James,Stream of consciousness (psychology)
William James,Suicide
William James,Suicidology
William James,Survey methodology
William James,Susan Fiske
William James,Susan H. McDaniel
William James,Susan Haack
William James,Suzanne Bennett Johnson
William James,Swedenborgian
William James,Sympathetic nervous system
William James,Systems psychology
William James,Søren Kierkegaard
William James,"Tamworth, New Hampshire"
William James,Teleological argument
William James,Telepathy
William James,Ten percent of the brain myth
William James,Terror management theory
William James,Thayer Expedition
William James,The Energies of Men
William James,"The French Revolution, A History"
William James,The Hafner Library of Classics
William James,The Library of America
William James,The Metaphysical Club
William James,The Metaphysical Club: A Story of Ideas in America
William James,The Moral Philosopher and the Moral Life
William James,The Principles of Psychology
William James,The Varieties of Religious Experience
William James,The Will to Believe
William James,The Will to Doubt
William James,Thealogy
William James,Theism
William James,Theistic finitism
William James,Thema Bryant
William James,Theodore H. Blau
William James,Theodore Newcomb
William James,Theodore Roosevelt
William James,Theological noncognitivism
William James,Theology
William James,Theoretical psychology
William James,Theories about religions
William James,Theosophical Society
William James,Thomas Aquinas
William James,Thomas Carlyle
William James,Thomas Chubb
William James,Thomas Hobbes
William James,Thrownness
William James,Théodore Flournoy
William James,Timeline of psychology
William James,Tone deafness
William James,Trademark argument
William James,Traffic psychology
William James,Transcendent theosophy
William James,Transcendental argument for the existence of God
William James,Transcendentalism
William James,Transubstantiation
William James,Ulric Neisser
William James,Ultimate Boeing 747 gambit
William James,University of Edinburgh
William James,University of Notre Dame Press
William James,Unmoved mover
William James,Utilitarianism
William James,Vilém Flusser
William James,Vladimir Solovyov (philosopher)
William James,W. E. B. Du Bois
William James,Walter Bowers Pillsbury
William James,Walter Dill Scott
William James,Walter Kaufmann (philosopher)
William James,Walter Lippmann
William James,Walter Mischel
William James,Walter Richard Miles
William James,Walter Samuel Hunter
William James,Watchmaker analogy
William James,Wayback Machine
William James,Werner Bloch
William James,Western Marxism
William James,Western esotericism
William James,Western philosophy
William James,Wiccan views of divinity
William James,Wilbert J. McKeachie
William James,Wilhelm Wundt
William James,Wilkie James
William James,Will to believe doctrine
William James,William Alston
William James,William Bevan (psychologist)
William James,William James (disambiguation)
William James,William James Lectures
William James,William James Sidis
William James,William James Society
William James,William Kingdon Clifford
William James,William L. Rowe
William James,William Lane Craig
William James,William Lowe Bryan
William James,William Morris Hunt
William James,William Whewell
William James,William Wollaston
William James,William of Ockham
William James,Wolfgang Köhler
William James,Womanist theology
William James,Émile Boutroux
William Blake,1911 Encyclopædia Britannica
William Blake,19th-century French literature
William Blake,A Cradle Song
William Blake,A Divine Image
William Blake,A Dream (Blake poem)
William Blake,A Little Boy Lost
William Blake,A Little Girl Lost
William Blake,A Mathematician's Apology
William Blake,A Poison Tree
William Blake,A Short Biographical Dictionary of English Literature
William Blake,A Treatise on Painting
William Blake,A Vision of the Last Judgement
William Blake,Achim von Arnim
William Blake,Adam Mickiewicz
William Blake,Adam Müller
William Blake,Adam Oehlenschläger
William Blake,Adolph Tidemand
William Blake,Adolphe Adam
William Blake,Adultery
William Blake,Age of Enlightenment
William Blake,Agony in the Garden (Blake)
William Blake,Ah! Sun-flower
William Blake,Ahania
William Blake,Akseli Gallen-Kallela
William Blake,Alba Rojo Cama
William Blake,Albert Bierstadt
William Blake,Albert Edelfelt
William Blake,Albion (Blake)
William Blake,Albrecht Dürer
William Blake,Aldous Huxley
William Blake,Aleksander Fredro
William Blake,Aleksey Khomyakov
William Blake,Alessandro Manzoni
William Blake,Alexander Borodin
William Blake,Alexander Chavchavadze
William Blake,Alexander Gilchrist
William Blake,Alexander Pushkin
William Blake,Alexander Scriabin
William Blake,Alexandre Dumas
William Blake,Alexandre Herculano
William Blake,Alexandru Macedonski
William Blake,Alfred de Musset
William Blake,Alfred de Vigny
William Blake,"Alfredo d'Escragnolle Taunay, Viscount of Taunay"
William Blake,Algernon Charles Swinburne
William Blake,Algorithm
William Blake,Algorithmic art
William Blake,All Religions are One
William Blake,Allen Ginsberg
William Blake,Almeida Garrett
William Blake,Aloysius Bertrand
William Blake,Alphonse de Lamartine
William Blake,America a Prophecy
William Blake,American Revolution
William Blake,Amy Beach
William Blake,An Island in the Moon
William Blake,Anamorphosis
William Blake,Anatoly Fomenko
William Blake,Ancient Greece
William Blake,Ancient of Days
William Blake,Ancients (art group)
William Blake,And did those feet in ancient time
William Blake,Andrea Palladio
William Blake,Androgynous
William Blake,Anduriel Widmark
William Blake,Andy Lomas
William Blake,Ann Radcliffe
William Blake,Anna Laetitia Barbauld
William Blake,Anna Seward
William Blake,Anne-Louis Girodet de Roussy-Trioson
William Blake,Anne Brontë
William Blake,Anthony Blunt
William Blake,Anthony Hill (artist)
William Blake,Antiquities
William Blake,Antoine-Augustin Préault
William Blake,Antoine Pevsner
William Blake,Antoine Wiertz
William Blake,Anton Arensky
William Blake,Anton Bruckner
William Blake,Anton Reicha
William Blake,Anton Rubinstein
William Blake,Antoni Malczewski
William Blake,Antoni Stolpe
William Blake,Antonio García Gutiérrez
William Blake,Antonín Dvořák
William Blake,António Augusto Soares de Passos
William Blake,António Feliciano de Castilho
William Blake,Apostles in the New Testament
William Blake,Archangel
William Blake,Ars Mathematica (organization)
William Blake,Art Tower Mito
William Blake,Art UK
William Blake,Arthur Foote
William Blake,Arthur Oncken Lovejoy
William Blake,Arthur Symons
William Blake,Ary Scheffer
William Blake,Ashmolean Museum
William Blake,Assize
William Blake,Auguries of Innocence
William Blake,August Wilhelm Schlegel
William Blake,Barbu Ștefănescu Delavrancea
William Blake,Basil de Sélincourt
William Blake,Bathsheba Grossman
William Blake,Beat Generation
William Blake,Bedřich Smetana
William Blake,Ben Jonson
William Blake,Benjamin Britten
William Blake,Benjamin Constant
William Blake,Benjamin Heath Malkin
William Blake,Benjamin Rolland
William Blake,Bernardo Guimarães
William Blake,Bettina von Arnim
William Blake,Beulah (Blake)
William Blake,Birth control
William Blake,Blake: Prophet Against Empire
William Blake,Blake (monologue)
William Blake,Blake Prize for Religious Art
William Blake,Blake’s Cottage
William Blake,Blue flower
William Blake,Blue plaque
William Blake,Bob Dylan
William Blake,Body proportions
William Blake,Bohemianism
William Blake,Book of Daniel
William Blake,Book of Job
William Blake,Book of Proverbs
William Blake,Book of Revelation
William Blake,Branko Radičević
William Blake,Brian Catling
William Blake,British Marine Art (Romantic Era)
William Blake,Broadwick Street
William Blake,Bromion
William Blake,Brothers Grimm
William Blake,Bruce Dickinson
William Blake,Bunhill Fields
William Blake,Byronic hero
William Blake,Cain and Abel
William Blake,Cambridge
William Blake,Cambridge University Press
William Blake,Camera lucida
William Blake,Camera obscura
William Blake,Camille Saint-Saëns
William Blake,Camilo Castelo Branco
William Blake,Canto
William Blake,Carl Czerny
William Blake,Carl Dahlhaus
William Blake,Carl Jung
William Blake,Carl Loewe
William Blake,Carl Maria von Weber
William Blake,Carlo Séquin
William Blake,Casimiro de Abreu
William Blake,Caspar David Friedrich
William Blake,Castro Alves
William Blake,Catenary
William Blake,Cathedral of Saint Mary of the Assumption (San Francisco)
William Blake,Catherine Blake
William Blake,Celtic knot
William Blake,Charing Cross
William Blake,Charles-Valentin Alkan
William Blake,Charles Baudelaire
William Blake,Charles Jencks
William Blake,Charles Lamb
William Blake,Charles Maturin
William Blake,Charles Nodier
William Blake,Charles Owen Perry
William Blake,Charles Rosen
William Blake,Charlotte Brontë
William Blake,Chichester
William Blake,Christian teaching about the Devil
William Blake,Christopher Ricks
William Blake,Church of England
William Blake,Circle Limit III
William Blake,City of Westminster
William Blake,Clara Schumann
William Blake,Classical Greece
William Blake,Clemens Brentano
William Blake,Coleridge's theory of life
William Blake,Computer art
William Blake,Conceit
William Blake,Concubine
William Blake,Constantin Negruzzi
William Blake,Continental Prophecies
William Blake,Continental prophecies
William Blake,Continuum (sculpture)
William Blake,Coppet group
William Blake,Counter-Enlightenment
William Blake,Counterculture of the 1960s
William Blake,Croatian interlace
William Blake,Crockett Johnson
William Blake,Crucifixion (Corpus Hypercubus)
William Blake,Cyprian Norwid
William Blake,César Cui
William Blake,César Franck
William Blake,Daina Taimiņa
William Blake,Dancer in a Café
William Blake,Daniel Auber
William Blake,Danish Golden Age
William Blake,Dante Alighieri
William Blake,Dante Gabriel Rossetti
William Blake,Dark Romanticism
William Blake,David V. Erdman
William Blake,David d'Angers
William Blake,De Montfort University
William Blake,De architectura
William Blake,De pictura
William Blake,De prospectiva pingendi
William Blake,De re aedificatoria
William Blake,Demiurge
William Blake,Descriptive Catalogue (1809)
William Blake,Desmond Paul Henry
William Blake,Dimitrie Bolintineanu
William Blake,Divina proportione
William Blake,Divine Comedy
William Blake,Doi (identifier)
William Blake,Donald Ault
William Blake,Douglas Hofstadter
William Blake,Doyne Bell
William Blake,Droste effect
William Blake,Düsseldorf School of painting
William Blake,E. P. Thompson
William Blake,E. T. A. Hoffmann
William Blake,E. V. Lucas
William Blake,ELH
William Blake,Earth's Answer
William Blake,Edgar Allan Poe
William Blake,Edgar Quinet
William Blake,Edmund Burke
William Blake,Edmund Spenser
William Blake,Eduard Mörike
William Blake,Edvard Grieg
William Blake,Edward Calvert (painter)
William Blake,Edward Carpenter
William Blake,Edward Elgar
William Blake,Edward Irving
William Blake,Edward MacDowell
William Blake,Edward Young
William Blake,Einar Thorsteinn
William Blake,Emanationism
William Blake,Emanuel Leutze
William Blake,Emanuel Swedenborg
William Blake,Emily Brontë
William Blake,Empiricism
William Blake,English Civil War
William Blake,English Dissenters
William Blake,Engraving
William Blake,Enion
William Blake,Enitharmon
William Blake,Erik Demaine
William Blake,Erik Gustaf Geijer
William Blake,Ernest Hanbury Hankin
William Blake,Eugène Delacroix
William Blake,Europe Supported by Africa and America
William Blake,Europe a Prophecy
William Blake,European Society for Mathematics and the Arts
William Blake,Ezekiel
William Blake,Fables by John Gay with a Life of the Author
William Blake,Fagundes Varela
William Blake,Fall of man
William Blake,Fanny Hensel
William Blake,Fearful Symmetry (Frye)
William Blake,Fearful Symmetry (book)
William Blake,Felix Mendelssohn
William Blake,Felpham
William Blake,Ferenc Erkel
William Blake,Fernando Sor
William Blake,Ferruccio Busoni
William Blake,Filippo Brunelleschi
William Blake,Fitzwilliam Museum
William Blake,Fleury François Richard
William Blake,Fourth dimension in art
William Blake,Fractal
William Blake,Fractal art
William Blake,France Prešeren
William Blake,Francesco Hayez
William Blake,Francisco Goya
William Blake,Franciszek Ksawery Lampi
William Blake,Frank Cadogan Cowper
William Blake,Franz Berwald
William Blake,Franz Liszt
William Blake,Franz Schubert
William Blake,François-René de Chateaubriand
William Blake,François Rude
William Blake,Frederic Edwin Church
William Blake,Frederick C. Beiser
William Blake,Frederick Tatham
William Blake,Frederik Macody Lund
William Blake,Free love
William Blake,French Revolution
William Blake,Friedrich Blume
William Blake,Friedrich Hölderlin
William Blake,Friedrich Kalkbrenner
William Blake,Friedrich Schiller
William Blake,Friedrich Schlegel
William Blake,Friedrich Schleiermacher
William Blake,Friedrich Wilhelm Joseph Schelling
William Blake,Friedrich de la Motte Fouqué
William Blake,Fromental Halévy
William Blake,Frédéric Chopin
William Blake,Fuzon (Blake)
William Blake,Fyodor Tyutchev
William Blake,Félicité de La Mennais
William Blake,G. H. Hardy
William Blake,G. K. Chesterton
William Blake,Gabriel Fauré
William Blake,Gaetano Donizetti
William Blake,Gaspare Spontini
William Blake,Genius (literature)
William Blake,Geodesic dome
William Blake,Geoffrey Chaucer
William Blake,Geoffrey Keynes
William Blake,Georg Wilhelm Friedrich Hegel
William Blake,George Bernard Shaw
William Blake,George Coșbuc
William Blake,George Cumberland
William Blake,George David Birkhoff
William Blake,George III of the United Kingdom
William Blake,George Onslow (composer)
William Blake,George Richmond (painter)
William Blake,George W. Hart
William Blake,George Whitefield Chadwick
William Blake,Gerald Abraham
William Blake,Gerald Eades Bentley
William Blake,Germaine de Staël
William Blake,German Romanticism
William Blake,German historical school
William Blake,German idealism
William Blake,Gesamtkunstwerk
William Blake,Giacomo Leopardi
William Blake,Giacomo Meyerbeer
William Blake,Gioachino Rossini
William Blake,Giorgio de Chirico
William Blake,Giovanni Berchet
William Blake,Girih
William Blake,Giuseppe Mazzini
William Blake,Giuseppe Verdi
William Blake,God in Christianity
William Blake,God the Father
William Blake,Golden Age of Russian Poetry
William Blake,Golden ratio
William Blake,Golgonooza
William Blake,Gonçalves Dias
William Blake,"Gonçalves de Magalhães, Viscount of Araguaia"
William Blake,Google Books
William Blake,Gordon Riots
William Blake,Gothic Revival architecture
William Blake,Gothic architecture
William Blake,Gothic fiction
William Blake,Gothicism
William Blake,Gottfried August Bürger
William Blake,Goudreau Museum of Mathematics in Art and Science
William Blake,Graham Sutherland
William Blake,Graphic novel
William Blake,Great Pyramid of Giza
William Blake,Great Queen Street
William Blake,Grigol Orbeliani
William Blake,Grodna (Blake)
William Blake,Gustav Holst
William Blake,Gustav Mahler
William Blake,Gustav Schwab
William Blake,Gustavo Adolfo Bécquer
William Blake,Gérard de Nerval
William Blake,"Gödel, Escher, Bach"
William Blake,Haberdashery
William Blake,Hagia Sophia
William Blake,Hamid Naderi Yeganeh
William Blake,Hans Christian Andersen
William Blake,Hans Gude
William Blake,Har (Blake)
William Blake,Harold Bloom
William Blake,Harry Ransom Center
William Blake,Heaven in Christianity
William Blake,Hector Berlioz
William Blake,Heinrich Heine
William Blake,Heinrich Marschner
William Blake,Heinrich von Kleist
William Blake,Helaman Ferguson
William Blake,Henrik Gabriel Porthan
William Blake,Henrik Wergeland
William Blake,Henry David Thoreau
William Blake,Henry Fuseli
William Blake,Henry Wadsworth Longfellow
William Blake,Henryk Wieniawski
William Blake,Hercules Road
William Blake,Hero
William Blake,Hinke Osinga
William Blake,Hiroshi Sugimoto
William Blake,His Dark Materials
William Blake,Historic England
William Blake,Historical fiction
William Blake,History painting
William Blake,Holy Spirit
William Blake,Holy Thursday (Songs of Experience)
William Blake,Holy Thursday (Songs of Innocence)
William Blake,Homer
William Blake,Homosexuality
William Blake,Hosier
William Blake,Hristo Botev
William Blake,Hudson River School
William Blake,Hugo Wolf
William Blake,Huntington Library
William Blake,Hyperboloid structure
William Blake,IMDb (identifier)
William Blake,ISBN (identifier)
William Blake,ISSN (identifier)
William Blake,I quattro libri dell'architettura
William Blake,Idiosyncratic
William Blake,Ignacy Jan Paderewski
William Blake,Ignaz Moscheles
William Blake,Illuminated manuscript
William Blake,In Lambeth (play)
William Blake,Indianism (arts)
William Blake,Industrial Revolution
William Blake,Infant Joy
William Blake,Infant Sorrow
William Blake,Inferno (Dante)
William Blake,Institute For Figuring
William Blake,Intaglio (printmaking)
William Blake,Interlace (art)
William Blake,Internet Archive
William Blake,"Introduction (Blake, 1794)"
William Blake,Ion Heliade Rădulescu
William Blake,Irving Fiske
William Blake,Isaac Newton
William Blake,Isaiah Berlin
William Blake,Islamic geometric patterns
William Blake,István Orosz
William Blake,Ivan Aivazovsky
William Blake,J. M. W. Turner
William Blake,JSTOR (identifier)
William Blake,Jacob Bronowski
William Blake,Jacques Barzun
William Blake,Jali
William Blake,James Basire
William Blake,James De Ville
William Blake,James Fenimore Cooper
William Blake,James King (writer)
William Blake,James Russell Lowell
William Blake,James Sant
William Blake,James Ward (English artist)
William Blake,Jan Dibbets
William Blake,Jan Nepomucen Głowacki
William Blake,Jan Potocki
William Blake,Jan Václav Voříšek
William Blake,Jay Hambidge
William Blake,Jean-Baptiste-Camille Corot
William Blake,Jean-Jacques Rousseau
William Blake,Jean-Luc Nancy
William Blake,Jean Metzinger
William Blake,Jean Paul
William Blake,Jean Sibelius
William Blake,Jeanette McLeod
William Blake,Jena Romanticism
William Blake,Jenő Hubay
William Blake,Jerusalem: The Emanation of the Giant Albion
William Blake,Jerusalem The Emanation of the Giant Albion
William Blake,Jesus Christ
William Blake,Jim Morrison
William Blake,Joaquim Manuel de Macedo
William Blake,Job: A Masque for Dancing
William Blake,Johan Christian Dahl
William Blake,Johan Ludvig Runeberg
William Blake,Johan Vilhelm Snellman
William Blake,Johann Gottlieb Fichte
William Blake,Johann Nepomuk Hummel
William Blake,Johann Wolfgang von Goethe
William Blake,Johannes Brahms
William Blake,John Boydell
William Blake,John Bunyan
William Blake,John Clare
William Blake,John Constable
William Blake,John Ernest
William Blake,John Field (composer)
William Blake,John Flaxman
William Blake,John Gabriel Stedman
William Blake,John Gay
William Blake,John Henry Fuseli
William Blake,John Higgs
William Blake,John Keats
William Blake,John Linnell (painter)
William Blake,John Martin (painter)
William Blake,John Middleton Murry
William Blake,John Milton
William Blake,John Philip Sousa
William Blake,John Ruskin
William Blake,John Tavener
William Blake,John Varley (painter)
William Blake,John William Cousin
William Blake,John William Polidori
William Blake,Jorge Isaacs
William Blake,Joseph Anton Koch
William Blake,Joseph Freiherr von Eichendorff
William Blake,Joseph Joachim
William Blake,Joseph Johnson (publisher)
William Blake,Joseph Natoli
William Blake,Joseph Priestley
William Blake,Joseph de Maistre
William Blake,Joshua Reynolds
William Blake,Josiah Gilbert Holland
William Blake,José Zorrilla
William Blake,José de Alencar
William Blake,José de Espronceda
William Blake,Journal of Mathematics and the Arts
William Blake,Jovan Jovanović Zmaj
William Blake,João de Deus de Nogueira Ramos
William Blake,Jules Michelet
William Blake,Juliusz Słowacki
William Blake,June Singer
William Blake,Jérémie K. Dagnini
William Blake,Józef Ignacy Kraszewski
William Blake,Júlio Dinis
William Blake,Karel Hynek Mácha
William Blake,Karl Bryullov
William Blake,Karl Goldmark
William Blake,Karl Gutzkow
William Blake,Karl Tausig
William Blake,Karol Lipiński
William Blake,Karoline von Günderrode
William Blake,Kathleen Raine
William Blake,Kathleen Yearwood
William Blake,Khachatur Abovian
William Blake,Knot
William Blake,Konrad Wallenrod
William Blake,Konstantin Batyushkov
William Blake,Kornelije Stanković
William Blake,Kresge Auditorium
William Blake,L'Oiseau bleu (Metzinger)
William Blake,Lake Poets
William Blake,Lambeth
William Blake,Laughing Song
William Blake,Laza Kostić
William Blake,Lebensphilosophie
William Blake,Ledger stone
William Blake,Lenore (ballad)
William Blake,Leon Battista Alberti
William Blake,Leonardo da Vinci
William Blake,Leutha
William Blake,Library of Congress
William Blake,LibriVox
William Blake,Life of William Blake
William Blake,List of Romantic poets
William Blake,List of mathematical artists
William Blake,List of romantics
William Blake,List of works designed with the golden ratio
William Blake,Listed building
William Blake,London (William Blake poem)
William Blake,London Waterloo station
William Blake,Lord Byron
William Blake,Lorenz Eitner
William Blake,Los (Blake)
William Blake,Louis Janmot
William Blake,Louis Spohr
William Blake,Luca Pacioli
William Blake,Ludwig Tieck
William Blake,Ludwig Uhland
William Blake,Ludwig van Beethoven
William Blake,Luigi Cherubini
William Blake,Lumen Naturae
William Blake,Luvah
William Blake,M. C. Escher
William Blake,M. H. Abrams
William Blake,Maarten van Heemskerck
William Blake,Macbeth
William Blake,Machado de Assis
William Blake,Magnus Ankarsjö
William Blake,Making Mathematics with Needlework
William Blake,Mal du siècle
William Blake,Man Ray
William Blake,Manuel Antônio de Almeida
William Blake,"Manuel de Araújo Porto-Alegre, Baron of Santo Ângelo"
William Blake,Margaret Wertheim
William Blake,Maria Edgeworth
William Blake,Maria Firmina dos Reis
William Blake,Maria Janion
William Blake,Mariano José de Larra
William Blake,Mark Schorer
William Blake,Martin Demaine
William Blake,Marxism
William Blake,Mary Robinson (poet)
William Blake,Mary Shelley
William Blake,Mary Wollstonecraft
William Blake,Mathemalchemy
William Blake,Mathematica: A World of Numbers... and Beyond
William Blake,Mathematical beauty
William Blake,Mathematical sculpture
William Blake,Mathematics and architecture
William Blake,Mathematics and art
William Blake,Mathematics and fiber arts
William Blake,Mathematics of paper folding
William Blake,Max Bill
William Blake,Max Bruch
William Blake,Maximilien Robespierre
William Blake,Medievalism
William Blake,Mezzotint
William Blake,Michael Beer (poet)
William Blake,Michael Ferber
William Blake,Michael Stroy
William Blake,Michelangelo
William Blake,Middle Ages in history
William Blake,Mihai Eminescu
William Blake,Mihail Kogălniceanu
William Blake,Mihály Vörösmarty
William Blake,Mikhail Glinka
William Blake,Mikhail Lermontov
William Blake,Milica Stojadinović-Srpkinja
William Blake,Milovan Vidaković
William Blake,Milton: A Poem in Two Books
William Blake,Mily Balakirev
William Blake,Minimal surface
William Blake,Minotaur
William Blake,Modest Mussorgsky
William Blake,Monir Shahroudy Farmanfarmaian
William Blake,Morgan Library & Museum
William Blake,Moritz Moszkowski
William Blake,Morris Eaves
William Blake,Muqarnas
William Blake,Music and mathematics
William Blake,My Pretty Rose Tree
William Blake,Mysticism
William Blake,N. F. S. Grundtvig
William Blake,Naim Frashëri
William Blake,Nathaniel Hawthorne
William Blake,National Gallery of Victoria
William Blake,National Heritage List for England
William Blake,National Museum of Mathematics
William Blake,Naturalism (philosophy)
William Blake,Nazarene movement
William Blake,Nebuchadnezzar (Blake)
William Blake,Nelson Saiers
William Blake,Neo-romanticism
William Blake,Neoclassicism
William Blake,Never pain to tell thy love
William Blake,Newgate Prison
William Blake,Newton (Blake)
William Blake,Niccolò Paganini
William Blake,Night-Thoughts
William Blake,Night (Blake)
William Blake,Nikolai Gogol
William Blake,Nikolai Medtner
William Blake,Nikolai Rimsky-Korsakov
William Blake,Nikolaus Lenau
William Blake,Nikolay Karamzin
William Blake,Nikoloz Baratashvili
William Blake,Nikos Salingaros
William Blake,Noble savage
William Blake,Northrop Frye
William Blake,Norwegian romantic nationalism
William Blake,Nostalgia
William Blake,Notebook of William Blake
William Blake,Novalis
William Blake,Nurse's Song
William Blake,Octacube (sculpture)
William Blake,Octavian Goga
William Blake,Oil painting
William Blake,Old Testament
William Blake,Oliver Sin
William Blake,On Another's Sorrow
William Blake,Opium and Romanticism
William Blake,Orc (Blake)
William Blake,Orest Kiprensky
William Blake,Origami
William Blake,Original Stories from Real Life
William Blake,Ossian
William Blake,Ottorino Respighi
William Blake,Owen Jones (architect)
William Blake,Oxford
William Blake,Palamabron
William Blake,Pantheism
William Blake,"Pantheon, Rome"
William Blake,Paolo Uccello
William Blake,Paraboloid
William Blake,Paradise Lost
William Blake,Parmigianino
William Blake,Parthenon
William Blake,Patterns in nature
William Blake,Patti Smith
William Blake,Paul Nash (artist)
William Blake,Paul de Man
William Blake,"Pearson Education, Inc."
William Blake,Peckham Rye
William Blake,Percy Bysshe Shelley
William Blake,Perspective (graphical)
William Blake,Petar II Petrović-Njegoš
William Blake,Petar Konjović
William Blake,Peter Abbs
William Blake,Peter Ackroyd
William Blake,Peter Forakis
William Blake,"Peter Marshall (author, born 1946)"
William Blake,Peter Paul Rubens
William Blake,Philip Pullman
William Blake,Philipp Otto Runge
William Blake,Philipp Veit
William Blake,Philippe Lacoue-Labarthe
William Blake,Phrygian cap
William Blake,Pi (art project)
William Blake,Pi in the Sky
William Blake,Piero della Francesca
William Blake,Pierre Révoil
William Blake,Piotr Michałowski
William Blake,Pity (William Blake)
William Blake,Plastic ratio
William Blake,Poetical Sketches
William Blake,Polykleitos
William Blake,Portrait of William Blake
William Blake,Post-romanticism
William Blake,Pre-Raphaelite Brotherhood
William Blake,Precursors to anarchism
William Blake,Preromanticism
William Blake,Print Gallery (M. C. Escher)
William Blake,Printmaker
William Blake,Projective geometry
William Blake,Proportion (architecture)
William Blake,Prosper Mérimée
William Blake,Prostitution
William Blake,Prudence
William Blake,Psalms
William Blake,Pulitzer Prize for Music
William Blake,Purismo
William Blake,Pyotr Chaadayev
William Blake,Pyotr Ilyich Tchaikovsky
William Blake,Pyotr Vyazemsky
William Blake,Pyramid
William Blake,Raden Saleh
William Blake,Raffi (novelist)
William Blake,Ralph Vaughan Williams
William Blake,Ralph Waldo Emerson
William Blake,Raphael
William Blake,Rationalism
William Blake,Recreational mathematics
William Blake,Reign of Terror
William Blake,Relativity (M. C. Escher)
William Blake,Relief etching
William Blake,Rembrandt
William Blake,René Magritte
William Blake,René Wellek
William Blake,Repoussage
William Blake,Reptiles (M. C. Escher)
William Blake,Reza Sarhangi
William Blake,Rhine romanticism
William Blake,Rhythm of Structure
William Blake,Richard Ashcroft
William Blake,Richard Parkes Bonington
William Blake,Richard Price
William Blake,Richard Strauss
William Blake,Richard Wagner
William Blake,Robert Blair (poet)
William Blake,Robert Burns
William Blake,Robert Cromek
William Blake,Robert John Thornton
William Blake,Robert Longhurst
William Blake,Robert Schumann
William Blake,Robert Southey
William Blake,Roman Verostko
William Blake,Romantic ballet
William Blake,Romantic epistemology
William Blake,Romantic hero
William Blake,Romantic literature in English
William Blake,Romantic medicine
William Blake,Romantic music
William Blake,Romantic nationalism
William Blake,Romantic poetry
William Blake,Romantic psychology
William Blake,Romanticism
William Blake,Romanticism and Bacon
William Blake,Romanticism and economics
William Blake,Romanticism and the French Revolution
William Blake,Romanticism in France
William Blake,Romanticism in Italy
William Blake,Romanticism in Poland
William Blake,Romanticism in Scotland
William Blake,Romanticism in Spanish literature
William Blake,Romanticism in evolution theory
William Blake,Romanticism in philosophy
William Blake,Romanticism in science
William Blake,Rosalía de Castro
William Blake,Royal Academy
William Blake,Royal Academy of Arts
William Blake,S. Foster Damon
William Blake,S2CID (identifier)
William Blake,Sacred geometry
William Blake,Sagrada Família
William Blake,Salvador Dalí
William Blake,Salvation in Christianity
William Blake,Samuel Colman
William Blake,Samuel Palmer
William Blake,Samuel Taylor Coleridge
William Blake,San Francisco
William Blake,Santiago Calatrava
William Blake,Saree Makdisi
William Blake,Savoy Hotel
William Blake,Scholars
William Blake,Scott Draves
William Blake,Scott Joplin
William Blake,Scottish National Gallery
William Blake,Sebastiano Serlio
William Blake,Second World War
William Blake,Self-portrait in a Convex Mirror
William Blake,"Serenade for Tenor, Horn and Strings"
William Blake,Sergei Bortkiewicz
William Blake,Sergei Lyapunov
William Blake,Sergei Rachmaninoff
William Blake,Sexual repression
William Blake,Shilling
William Blake,Sigismond Thalberg
William Blake,Sigmund Freud
William Blake,Sima Milutinović Sarajlija
William Blake,Sinclair-Stevenson
William Blake,Society for Constitutional Information
William Blake,Soho
William Blake,Son of God
William Blake,Songs and Proverbs of William Blake
William Blake,Songs of Innocence
William Blake,Songs of Innocence and of Experience
William Blake,Sophism
William Blake,Spectre (Blake)
William Blake,Spring (poem)
William Blake,"St James's Church, Piccadilly"
William Blake,"St Mary's Church, Battersea"
William Blake,Stanisław Moniuszko
William Blake,Stephen Foster
William Blake,Stephen Heller
William Blake,Stereotype (printing)
William Blake,Stevan Hristić
William Blake,Stevan Mokranjac
William Blake,Stipple
William Blake,"Strand, London"
William Blake,String art
William Blake,String figure
William Blake,Sturm und Drang
William Blake,Susan Goldstine
William Blake,Swedenborgianism
William Blake,Swedish Romantic literature
William Blake,Sydney Opera House
William Blake,Symmetry
William Blake,Synagogue of Satan
William Blake,T. C. W. Blanning
William Blake,Taishō Roman
William Blake,Taj Mahal
William Blake,Taras Shevchenko
William Blake,Tate Britain
William Blake,Ten Blake Songs
William Blake,Tessellation
William Blake,Tharmas
William Blake,The Ancient of Days
William Blake,The Angel (Songs of Experience)
William Blake,The Blossom
William Blake,The Book of Ahania
William Blake,The Book of Los
William Blake,The Book of Thel
William Blake,The Book of Urizen
William Blake,The Bridges Organization
William Blake,The Canterbury Tales
William Blake,The Chimney Sweeper
William Blake,The Clod and the Pebble
William Blake,The Divine Image
William Blake,The Echoing Green
William Blake,The Examiner (1808–86)
William Blake,The First Book of Urizen
William Blake,The Fly (poem)
William Blake,The Four and Twenty Elders Casting their Crowns before the Divine Throne
William Blake,The French Revolution (poem)
William Blake,The Garden of Love (poem)
William Blake,The Ghost of a Flea
William Blake,The Grave (poem)
William Blake,The Great Red Dragon Paintings
William Blake,The Great Red Dragon paintings
William Blake,The Guardian
William Blake,The Human Abstract (poem)
William Blake,The Human Condition (Magritte)
William Blake,The Lamb (Tavener)
William Blake,The Lamb (poem)
William Blake,The Lilly (poem)
William Blake,The Little Black Boy
William Blake,The Little Boy Found
William Blake,The Little Boy Lost
William Blake,The Little Girl Found
William Blake,The Little Girl Lost
William Blake,The Little Vagabond
William Blake,The London Magazine
William Blake,The Marriage of Heaven and Hell
William Blake,The Mental Traveller
William Blake,The New York Times
William Blake,The Night of Enitharmon's Joy
William Blake,The Pilgrim's Progress
William Blake,The School Boy
William Blake,The Shepherd (Blake)
William Blake,The Sick Rose
William Blake,The Song of Los
William Blake,The Swallow's Tail
William Blake,The Times
William Blake,The Tyger
William Blake,The Voice of the Ancient Bard
William Blake,The Wood of the Self-Murderers: The Harpies and the Suicides
William Blake,"The Works of William Blake: Poetic, Symbolic and Critical"
William Blake,Themes from William Blake's The Marriage of Heaven and Hell
William Blake,Theology
William Blake,There is No Natural Religion
William Blake,Thiriel
William Blake,Thomas Butts
William Blake,Thomas Carlyle
William Blake,Thomas Cole
William Blake,Thomas De Quincey
William Blake,Thomas Gray
William Blake,Thomas Jones (artist)
William Blake,Thomas Paine
William Blake,Thomas Phillips
William Blake,Thomas Stothard
William Blake,Théodore Chassériau
William Blake,Théodore Géricault
William Blake,Théophile Gautier
William Blake,Tiriel (character)
William Blake,Tiriel (poem)
William Blake,To Tirzah
William Blake,Tobias Barreto
William Blake,Tobias Churton
William Blake,Tony Robbin
William Blake,Transcendentalism
William Blake,Ugo Foscolo
William Blake,Ukrainian school
William Blake,Ultra-Romanticism
William Blake,University of Arizona Museum of Art
William Blake,University of Texas at Austin
William Blake,Urizen
William Blake,Urthona
William Blake,Utha
William Blake,"Vala, or The Four Zoas"
William Blake,Vala (Blake)
William Blake,Van Morrison
William Blake,Vasile Alecsandri
William Blake,Vasily Tropinin
William Blake,Vasily Zhukovsky
William Blake,Vastu shastra
William Blake,Victor Hugo
William Blake,Viewpoints: Mathematical Perspective and Fractal Geometry in Art
William Blake,Viking revival
William Blake,Vincenzo Bellini
William Blake,Vintage Press
William Blake,Visionary Heads
William Blake,Visions of Jesus and Mary
William Blake,Visions of the Daughters of Albion
William Blake,Vissarion Belinsky
William Blake,Vitruvian Man
William Blake,Vitruvius
William Blake,Vittorio Alfieri
William Blake,W. B. Yeats
William Blake,W. J. T. Mitchell
William Blake,Wallpaper group
William Blake,Walter Scott
William Blake,Wanderer above the Sea of Fog
William Blake,Wanderlust
William Blake,Washington Irving
William Blake,Watercolor painting
William Blake,Waterfall (M. C. Escher)
William Blake,Wayback Machine
William Blake,Weltschmerz
William Blake,West Sussex
William Blake,Westminster Abbey
William Blake,Westminster School
William Blake,White Mountain art
William Blake,Wikisource
William Blake,Wilhelm Hauff
William Blake,Wilhelm Heinrich Wackenroder
William Blake,Wilhelm Küchelbecker
William Blake,William Blake's Illustrations of the Book of Job
William Blake,William Blake's illustrations of On the Morning of Christ's Nativity
William Blake,William Blake's illustrations of Paradise Lost
William Blake,William Blake's mythology
William Blake,William Blake's prophetic books
William Blake,William Blake (disambiguation)
William Blake,William Blake Archive
William Blake,William Blake in popular culture
William Blake,William Bolcom
William Blake,William Butler Yeats
William Blake,William Cullen Bryant
William Blake,William Godwin
William Blake,William Hayley
William Blake,William Hazlitt
William Blake,William Michael Rossetti
William Blake,William Sterndale Bennett
William Blake,William Wordsworth
William Blake,Wincenty Pol
William Blake,Witness Against the Beast
William Blake,Wojciech Stattler
William Blake,Yevgeny Baratynsky
William Blake,Zachris Topelius
William Blake,Zellij
William Blake,Zygmunt Krasiński
William Blake,Álvares de Azevedo
William Blake,"Ángel de Saavedra, 3rd Duke of Rivas"
William Blake,Étienne Méhul
William Blake,Étienne Pivert de Senancour
William Blake,Đura Jakšić
